0,s1,,,,,,,,,,,,,,,,,,,,,,,,,,,,,,,,,,,,,,,,,,,,,,,,,,,,,,,,,,,,,,,,,,
1,,,s4,s5,,r1,,,,,,,,,,,,,,,,,,,,,,,,,,,,,,,,,2,3,,,,,,,,,,,,,,,,,,,,,,,,,,,
2,,,,,,s7,,,,,,,,,,,,,,,,,,,,,,,,,,,,,,,,,,,,6,,,,,,,,,,,,,,,,,,,,,,,,,
3,,,,,s9,,,,,,,,,,,,,,,,,,,,,,,,,,,,,,,,,,,,8,,,,,,,,,,,,,,,,,,,,,,,,,,
4,,,,,r3,,,,,,,,,,,,,,,,,,,,,,,,,,,,,,,,,,,,,,,,,,,,,,,,,,,,,,,,,,,,,,
5,,,,,r4,,,,,,,,,,,,,,,,,,,,,,,,,,,,,,,,,,,,,,,,,,,,,,,,,,,,,,,,,,,,,,
6,,,s14,,,,r46,,,,,,,,,,,,,,,,,,,,,,,,,,s15,,,,r46,,,,,,,,,,,,,,,,,,,,,,10,11,12,13,,,,,
7,,,,,s9,,r7,,s18,s19,s20,,,,,,,,s27,,,,,,,,,,,,,s28,,,,s24,,,,,25,,16,17,,,21,22,23,,,,,,,,,26,,,,,,,,,
8,,s29,,,,,,,,,,,,,,,,,,,,,,,,,,,,,,,,,,,,,,,,,,,,,,,,,,,,,,,,,,,,,,,,,
9,,r5,,,,,,r5,,,,,,r5,,r5,,r5,,,,,,,,,,,,,,,,,,,,,,,,,,,,,,,,,,,,,,,,,,,,,,,,,
10,,,,,,,,,,,,,,,,,,,,,,,,,,,,,,,,,,,,,acc,,,,,,,,,,,,,,,,,,,,,,,,,,,,,,
11,,,s14,,,,r46,,,,,,,,,,,,,,,,,,,,,,,,,,s15,,,,r46,,,,,,,,,,,,,,,,,,,,,,30,11,12,13,,,,,
12,,,,,,,,,,,,,,,,,,,,,,,,,,,,,,,,,,s33,,,,,,,,,,,,,,,,,,,,,,,,,,,,,31,32,,,
13,,,,,,,,,,,,,,,,,,,,,,,,,,,,,,,,s28,,,,,,,,,,,,,,,,,,,,,,,,,,34,,,,,,,,,
14,,,,,,,,,,,,,,,,,,,,,,,,,,,,,,,,r50,,,,,,,,,,,,,,,,,,,,,,,,,,,,,,,,,,,
15,,,,,,,,,,,,,,,,,,,,,,,,,,,,,,,,r51,,,,,,,,,,,,,,,,,,,,,,,,,,,,,,,,,,,
16,,,,,,,s35,,,,,,,,,,,,,,,,,,,,,,,,,,,,,,,,,,,,,,,,,,,,,,,,,,,,,,,,,,,,
17,,,,,,,,s36,,,,,,,,,,,,,,,,,,,,,,,,,,,,,,,,,,,,,,,,,,,,,,,,,,,,,,,,,,,
18,,,,,,,,r9,,,,,,,,,,,,,,,,,,,,,,,,,,,,,,,,,,,,,,,,,,,,,,,,,,,,,,,,,,,
19,,,,,,,,r10,,,,,,,,,,,,,,,,,,,,,,,,,,,,,,,,,,,,,,,,,,,,,,,,,,,,,,,,,,,
20,,,,,s9,,,,,,,s40,s41,,,,,,,,,,,,,,,,,,,,,,,,,,,,38,,,,37,39,,,,,,,,,,,,,,,,,,,,,
21,,,,,,,,r12,,,,,,,,,,,,,,,,,,,,,,,,,,,,,,,,,,,,,,,,,,,,,,,,,,,,,,,,,,,
22,,,,,,,,r13,,,,,,,,,,,,,,,,,,,,,,,,,,,,,,,,,,,,,,,,,,,,,,,,,,,,,,,,,,,
23,,,,,,,,r14,,,,,,,,,,,,,,,,,,,,,,,,,,,,,,,,,,,,,,,,,,,,,,,,,,,,,,,,,,,
24,,,,,s9,,,,,,,s40,s41,,,,,,,,,,,,,,,,,,,,,,,,,,,,38,,,,42,39,,,,,,,,,,,,,,,,,,,,,
25,,,,,,,,,,,,,,s43,,s44,,,,,,,,,,,,,,,,,,,,,,,,,,,,,,,,,,,,,,,,,,,,,,,,,,,
26,,,,,,,,,,,,,,,,,s45,,,,,,,,,,,,,,,,,,,,,,,,,,,,,,,,,,,,,,,,,,,,,,,,,,
27,,,,,,,,,,,,,,,,,,,,,,s59,s60,s51,s52,s53,s54,s55,s56,s57,s58,,,,,,,,,,,,,,,,,,,,,,46,47,48,50,49,,,,,,,,,,
28,,,,,,,,,,,,,,,,,r45,,,,,,,,,,,,,,,,,,,,,,,,,,,,,,,,,,,,,,,,,,,,,,,,,,
29,,,s4,s5,,r1,,,,,,,,,,,,,,,,,,,,,,,,,,,,,,,,,61,3,,,,,,,,,,,,,,,,,,,,,,,,,,,
30,,,,,,,r47,,,,,,,,,,,,,,,,,,,,,,,,,,,,,,r47,,,,,,,,,,,,,,,,,,,,,,,,,,,,,,
31,,,r48,,,,r48,,,,,,,,,,,,,,,,,,,,,,,,,,r48,,,,r48,,,,,,,,,,,,,,,,,,,,,,,,,,,,,,
32,,,s4,s5,,,,,,,,,,,,,,,,,,,,,,,,,,,,,,,,,,,,63,,,,,,,,,,,,,,,,,,,,,,,,,,62,
33,,,r53,r53,,,,,,,,,,,,,,,,,,,,,,,,,,,,,,,,,,,,,,,,,,,,,,,,,,,,,,,,,,,,,,,
34,,,,,,,,,,,,,,,,,s64,,,,,,,,,,,,,,,,,,,,,,,,,,,,,,,,,,,,,,,,,,,,,,,,,,
35,,,r6,,,,,r6,,,,,,,,,,,,,r6,,,,,,,,,,,,r6,,r6,,r6,,,,,,,,,,,,,,,,,,,,,,,,,,,,,,
36,,,,,s9,,r7,,s18,s19,s20,,,,,,,,s27,,,,,,,,,,,,,s28,,,,s24,,,,,25,,65,17,,,21,22,23,,,,,,,,,26,,,,,,,,,
37,,,,,,,,r11,,,,,,,,,,,,,,,,,,,,,,,,,,,,,,,,,,,,,,,,,,,,,,,,,,,,,,,,,,,
38,,r15,,,,,,r15,,,,,,,,,,r15,,,,,,,,,,,,,,,,,,,,,,,,,,,,,,,,,,,,,,,,,,,,,,,,,
39,,r16,,,,,,r16,,,,,,,,,,r16,,,,,,,,,,,,,,,,,,,,,,,,,,,,,,,,,,,,,,,,,,,,,,,,,
40,,r17,,,,,,r17,,,,,,,,,,r17,,,,,,,,,,,,,,,,,,,,,,,,,,,,,,,,,,,,,,,,,,,,,,,,,
41,,r18,,,,,,r18,,,,,,,,,,r18,,,,,,,,,,,,,,,,,,,,,,,,,,,,,,,,,,,,,,,,,,,,,,,,,
42,,,,,,,,r57,,,,,,,,,,,,,,,,,,,,,,,,,,,,,,,,,,,,,,,,,,,,,,,,,,,,,,,,,,,
43,,,,,,,,,,,,,,,s66,,,,,,,,,,,,,,,,,,,,,,,,,,,,,,,,,,,,,,,,,,,,,,,,,,,,
44,,,,,s9,,,,,,,s40,s41,,,,,,,,,s59,s60,s51,s52,s53,s54,s55,s56,s57,s58,s28,,,,,,,,,38,,,,68,39,,69,,67,70,,,,,71,72,26,,,,,,,,,
45,,,,,s9,,,,,,,s40,s41,,,,,,,,,,,,,,,,,,,,,,,,,,,,38,,,,73,39,,,,,,,,,,,,,,,,,,,,,
46,,,,,,,,,,,,,,,,,,,,s74,,,,,,,,,,,,,,,,,,,,,,,,,,,,,,,,,,,,,,,,,,,,,,,
47,,,,,,,,,,,,,,,,,,,,r30,,,,,,,,,,,,,,,,,,,,,,,,,,,,,,,,,,,,,,,,,,,,,,,
48,,,,,,,,,,,,,,,,,,,,r31,,,,,,,,,,,,,,,,,,,,,,,,,,,,,,,,,,,,,,,,,,,,,,,
49,,,,,,,,,,,,,,,,,s75,,,,,,,,,,,,,,,,,,,,,,,,,,,,,,,,,,,,,,,,,,,,,,,,,,
50,,,,,,,,,,,,,,,,,s76,,,,,,,,,,,,,,,,,,,,,,,,,,,,,,,,,,,,,,,,,,,,,,,,,,
51,,,,,,,,,,,,,,,,,r37,,,,,,,,,,,,,,,,,,,,,,,,,,,,,,,,,,,,,,,,,,,,,,,,,,
52,,,,,,,,,,,,,,,,,r38,,,,,,,,,,,,,,,,,,,,,,,,,,,,,,,,,,,,,,,,,,,,,,,,,,
53,,,,,,,,,,,,,,,,,r39,,,,,,,,,,,,,,,,,,,,,,,,,,,,,,,,,,,,,,,,,,,,,,,,,,
54,,,,,,,,,,,,,,,,,r40,,,,,,,,,,,,,,,,,,,,,,,,,,,,,,,,,,,,,,,,,,,,,,,,,,
55,,,,,,,,,,,,,,,,,r41,,,,,,,,,,,,,,,,,,,,,,,,,,,,,,,,,,,,,,,,,,,,,,,,,,
56,,,,,,,,,,,,,,,,,r42,,,,,,,,,,,,,,,,,,,,,,,,,,,,,,,,,,,,,,,,,,,,,,,,,,
57,,,,,,,,,,,,,,,,,r43,,,,,,,,,,,,,,,,,,,,,,,,,,,,,,,,,,,,,,,,,,,,,,,,,,
58,,,,,,,,,,,,,,,,,r44,,,,,,,,,,,,,,,,,,,,,,,,,,,,,,,,,,,,,,,,,,,,,,,,,,
59,,,,,,,,,,,,,,,,,r35,,,,,,,,,,,,,,,,,,,,,,,,,,,,,,,,,,,,,,,,,,,,,,,,,,
60,,,,,,,,,,,,,,,,,r36,,,,,,,,,,,,,,,,,,,,,,,,,,,,,,,,,,,,,,,,,,,,,,,,,,
61,,,,,,r2,,,,,,,,,,,,,,,,,,,,,,,,,,,,,,,,,,,,,,,,,,,,,,,,,,,,,,,,,,,,,
62,,,,,,s7,,,,,,,,,,,,,,,,,,,,,,,,,,,,,,,,,,,,77,,,,,,,,,,,,,,,,,,,,,,,,,
63,,,,,s9,,,,,,,,,,,,,,,,,,,,,,,,,,,,,,,,,,,,78,,,,,,,,,,,,,,,,,,,,,,,,,,
64,,,,,s9,,,,,,,,,,,,,,,,,,,,,,,,,,,,,,,,,,,,79,,,,,,,,,,,,,,,,,,,,,,,,,,
65,,,,,,,r8,,,,,,,,,,,,,,,,,,,,,,,,,,,,,,,,,,,,,,,,,,,,,,,,,,,,,,,,,,,,
66,,,,,,,,r19,,,,,,,,,,,,,,,,,,,,,,,,,,,,,,,,,,,,,,,,,,,,,,,,,,,,,,,,,,,
67,,,,,,,,r20,,,,,,,,,,,,,,,,,,,,,,,,,,,,,,,,,,,,,,,,,,,,,,,,,,,,,,,,,,,
68,,,,,,,,r23,,,,,,,,,,,,,,,,,,,,,,,,,,,,,,,,,,,,,,,,,,,,,,,,,,,,,,,,,,,
69,,,,,,,,r24,,,,,,,,,,,,,,,,,,,,,,,,,,,,,,,,,,,,,,,,,,,,,,,,,,,,,,,,,,,
70,,,,,,,,r25,,,,,,,,,,,,,,,,,,,,,,,,,,,,,,,,,,,,,,,,,,,,,,,,,,,,,,,,,,,
71,,,,,,,,,,,,,,,,,s80,,,,,,,,,,,,,,,,,,,,,,,,,,,,,,,,,,,,,,,,,,,,,,,,,,
72,,,,,,,,,,,,,,,,,s81,,,,,,,,,,,,,,,,,,,,,,,,,,,,,,,,,,,,,,,,,,,,,,,,,,
73,,s82,,,,,,,,,,,,,,,,,,,,,,,,,,,,,,,,,,,,,,,,,,,,,,,,,,,,,,,,,,,,,,,,,
74,,,,,,s7,,,,,,,,,,,,,,,,,,,,,,,,,,,,,,,,,,,,83,,,,,,,,,,,,,,,,,,,,,,,,,
75,,,,,s9,,,,,,,s40,s41,,,,,,,,,,,s51,s52,s53,s54,s55,s56,s57,s58,,,,,,,,,,38,,,,84,39,,,,,,,,85,,,86,,,,,,,,,,
76,,,,,,,,,,,,,,,,,,,,,,,,s51,s52,s53,s54,s55,s56,s57,s58,,,,,,,,,,,,,,,,,,,,,,,87,,,86,,,,,,,,,,
77,,,,,,,,,,,,,,,,,,,,,,,,,,,,,,,,,,,s89,,,,,,,,,,,,,,,,,,,,,,,,,,,,,,88,,
78,,s90,,,,,,,,,,,,,,,,,,,,,,,,,,,,,,,,,,,,,,,,,,,,,,,,,,,,,,,,,,,,,,,,,
79,,s91,,,,,,,,,,,,,,,,,,,,,,,,,,,,,,,,,,,,,,,,,,,,,,,,,,,,,,,,,,,,,,,,,
80,,,,,s9,,,,,,,s40,s41,,,,,,,,,s59,s60,s51,s52,s53,s54,s55,s56,s57,s58,,,,,,,,,,38,,,,93,39,,,,,94,92,,,,71,72,,,,,,,,,,
81,,,,,s9,,,,,,,s40,s41,,,,,,,,,s59,s60,s51,s52,s53,s54,s55,s56,s57,s58,,,,,,,,,,38,,,,93,39,,,,,94,95,,,,71,72,,,,,,,,,,
82,,,,,s9,,,,,,,s40,s41,,,,,,,,,,,,,,,,,,,,,,,,,,,,38,,,,96,39,,,,,,,,,,,,,,,,,,,,,
83,,,,,,,,,,,,,,,,,,,,,s97,,,,,,,,,,,,,,,,,,,,,,,,,,,,,,,,,,,,,,,,,,,,,,
84,,s98,,,,,,,,,,,,,,,,,,,,,,,,,,,,,,,,,,,,,,,,,,,,,,,,,,,,,,,,,,,,,,,,,
85,,s99,,,,,,,,,,,,,,,,,,,,,,,,,,,,,,,,,,,,,,,,,,,,,,,,,,,,,,,,,,,,,,,,,
86,,,,,,,,,,,,,,,,,s100,,,,,,,,,,,,,,,,,,,,,,,,,,,,,,,,,,,,,,,,,,,,,,,,,,
87,,,,,,,,,,,,,,,,,,s101,,,,,,,,,,,,,,,,,,,,,,,,,,,,,,,,,,,,,,,,,,,,,,,,,
88,,,s14,,,,r46,,,,,,,,,,,,,,,,,,,,,,,,,,s15,,,,r46,,,,,,,,,,,,,,,,,,,,,,103,11,12,13,,,,,102
89,,,r54,,,,r54,,,,,,,,,,,,,,,,,,,,,,,,,,r54,,,,r54,,,,,,,,,,,,,,,,,,,,,,,,,,,,,,
90,,,s4,s5,,,,,,,,,,,,,,,,,,,,,,,,,,,,,,,,,,,,104,,,,,,,,,,,,,,,,,,,,,,,,,,,
91,,,,,s9,,,,,,,,,,,,,,,,,,,,,,,,,,,,,,,,,,,,105,,,,,,,,,,,,,,,,,,,,,,,,,,
92,,,,,,,,,,,,,,,,,,s106,,,,,,,,,,,,,,,,,,,,,,,,,,,,,,,,,,,,,,,,,,,,,,,,,
93,,r28,,,,,,,,,,,,,,,,r28,,,,,,,,,,,,,,,,,,,,,,,,,,,,,,,,,,,,,,,,,,,,,,,,,
94,,r29,,,,,,,,,,,,,,,,r29,,,,,,,,,,,,,,,,,,,,,,,,,,,,,,,,,,,,,,,,,,,,,,,,,
95,,s107,,,,,,,,,,,,,,,,,,,,,,,,,,,,,,,,,,,,,,,,,,,,,,,,,,,,,,,,,,,,,,,,,
96,,s108,,,,,,,,,,,,,,,,,,,,,,,,,,,,,,,,,,,,,,,,,,,,,,,,,,,,,,,,,,,,,,,,,
97,,,,,,s7,,,,,,,,,,,,,,,,,,,,,,,,,,,,,,,,,,,,109,,,,,,,,,,,,,,,,,,,,,,,,,
98,,,,,s9,,,,,,,s40,s41,,,,,,,,,,,,,,,,,,,,,,,,,,,,38,,,,110,39,,,,,,,,,,,,,,,,,,,,,
99,,,,,,,,,,,,,,,,,,,,,,,,s51,s52,s53,s54,s55,s56,s57,s58,,,,,,,,,,,,,,,,,,,,,,,111,,,86,,,,,,,,,,
100,,,,,s9,,,,,,,s40,s41,,,,,,,,,,,,,,,,,,,,,,,,,,,,38,,,,84,39,,,,,,,,,,,,,,,,,,,,,
101,,,,,,,,,,,,,,,,,,,,r34,,,,,,,,,,,,,,,,,,,,,,,,,,,,,,,,,,,,,,,,,,,,,,,
102,,,,,,,s112,,,,,,,,,,,,,,,,,,,,,,,,,,,,,,,,,,,,,,,,,,,,,,,,,,,,,,,,,,,,
103,,,,,,,r56,,,,,,,,,,,,,,,,,,,,,,,,,,,,,,,,,,,,,,,,,,,,,,,,,,,,,,,,,,,,
104,,,,,s9,,,,,,,,,,,,,,,,,,,,,,,,,,,,,,,,,,,,113,,,,,,,,,,,,,,,,,,,,,,,,,,
105,,s114,,,,,,,,,,,,,,,,,,,,,,,,,,,,,,,,,,,,,,,,,,,,,,,,,,,,,,,,,,,,,,,,,
106,,r26,,,,,,r26,,,,,,,,,,r26,,,,,,,,,,,,,,,,,,,,,,,,,,,,,,,,,,,,,,,,,,,,,,,,,
107,,,,,s9,,,,,,,s40,s41,,,,,,,,,s59,s60,s51,s52,s53,s54,s55,s56,s57,s58,,,,,,,,,,38,,,,93,39,,,,,94,115,,,,71,72,,,,,,,,,,
108,,,,,s9,,,,,,,s40,s41,,,,,,,,,,,,,,,,,,,,,,,,,,,,38,,,,116,39,,,,,,,,,,,,,,,,,,,,,
109,,,,,,,,r22,,,,,,,,,,,,,,,,,,,,,,,,,,,,,,,,,,,,,,,,,,,,,,,,,,,,,,,,,,,
110,,,,,,,,,,,,,,,,,,s117,,,,,,,,,,,,,,,,,,,,,,,,,,,,,,,,,,,,,,,,,,,,,,,,,
111,,,,,,,,,,,,,,,,,,s118,,,,,,,,,,,,,,,,,,,,,,,,,,,,,,,,,,,,,,,,,,,,,,,,,
112,,,r52,,,,r52,,,,,,,,,,,,,,,,,,,,,,,,,,r52,,,,r52,,,,,,,,,,,,,,,,,,,,,,,,,,,,,,
113,,s119,,,,,,,,,,,,,,,,,,,,,,,,,,,,,,,,,,,,,,,,,,,,,,,,,,,,,,,,,,,,,,,,,
114,,,,,s9,,,,,,,,,,,,,,,,,,,,,,,,,,,,,,,,,,,,120,,,,,,,,,,,,,,,,,,,,,,,,,,
115,,,,,,,,,,,,,,,,,,s121,,,,,,,,,,,,,,,,,,,,,,,,,,,,,,,,,,,,,,,,,,,,,,,,,
116,,,,,,,,,,,,,,,,,,s122,,,,,,,,,,,,,,,,,,,,,,,,,,,,,,,,,,,,,,,,,,,,,,,,,
117,,r32,,,,,,,,,,,,,,,,r32,,r32,,,,,,,,,,,,,,,,,,,,,,,,,,,,,,,,,,,,,,,,,,,,,,,
118,,,,,,,,,,,,,,,,,,,,r33,,,,,,,,,,,,,,,,,,,,,,,,,,,,,,,,,,,,,,,,,,,,,,,
119,,,s4,s5,,,,,,,,,,,,,,,,,,,,,,,,,,,,,,,,,,,,123,,,,,,,,,,,,,,,,,,,,,,,,,,,
120,,,,,,,,,,,,,,,,,,s124,,,,,,,,,,,,,,,,,,,,,,,,,,,,,,,,,,,,,,,,,,,,,,,,,
121,,r27,,,,,,r27,,,,,,,,,,r27,,,,,,,,,,,,,,,,,,,,,,,,,,,,,,,,,,,,,,,,,,,,,,,,,
122,,,,,,,,r21,,,,,,,,,,,,,,,,,,,,,,,,,,,,,,,,,,,,,,,,,,,,,,,,,,,,,,,,,,,
123,,,,,s9,,,,,,,,,,,,,,,,,,,,,,,,,,,,,,,,,,,,125,,,,,,,,,,,,,,,,,,,,,,,,,,
124,,,,,,,,,,,,,,,,,,,,,,,,,,,,,,,,,,r49,,,,,,,,,,,,,,,,,,,,,,,,,,,,,,,,,
125,,s126,,,,,,,,,,,,,,,,,,,,,,,,,,,,,,,,,,,,,,,,,,,,,,,,,,,,,,,,,,,,,,,,,
126,,,,,,r55,,,,,,,,,,,,,,,,,,,,,,,,,,,,,,,,,,,,,,,,,,,,,,,,,,,,,,,,,,,,,
